# Name,     Typ,  Subtyp,   Offset,   Groesse
# 16 MB Flash sind vorhanden -- also grosszuegig aufteilen. Zwei App-Slots,
# damit spaeter Updates ueber WLAN (OTA) moeglich sind, ohne die Tabelle
# noch einmal anzufassen.
#
# Dieses Projekt speichert nichts dauerhaft: Der aktuelle Block ist nach
# einer Sekunde WLAN wieder da, ein aufgehobener waere beim Einschalten
# ohnehin veraltet. Die nvs-Partition bleibt deshalb bei der ueblichen
# Groesse -- sie nimmt nur die WLAN-Daten des Treibers auf.
nvs,        data, nvs,      0x9000,   0x6000
otadata,    data, ota,      0xf000,   0x2000
phy_init,   data, phy,      0x11000,  0x1000
ota_0,      app,  ota_0,    0x20000,  4M
ota_1,      app,  ota_1,    ,         4M
